"DESCRIPTION","DURATION IN MS","NAME","PARENT SUITE","START TIME","STATUS","STOP TIME","SUB SUITE","SUITE","TEST CLASS","TEST METHOD"
"","0","test_access_control[guest-403]","tests","Fri May 23 21:16:19 CST 2025","broken","Fri May 23 21:16:19 CST 2025","","test_api","",""
"","0","test_access_control[-401]","tests","Fri May 23 21:16:19 CST 2025","broken","Fri May 23 21:16:19 CST 2025","","test_api","",""
"","0","test_eval[2 * 4-8]","tests","Fri May 23 22:07:15 CST 2025","passed","Fri May 23 22:07:15 CST 2025","","test_sample","",""
"","0","test_greet[Alice]","tests","Fri May 23 22:07:15 CST 2025","passed","Fri May 23 22:07:15 CST 2025","","test_sample","",""
"","0","test_addition","tests","Fri May 23 22:07:15 CST 2025","passed","Fri May 23 22:07:15 CST 2025","","test_sample","",""
"","0","test_access_control[admin-200]","tests","Fri May 23 21:16:18 CST 2025","broken","Fri May 23 21:16:18 CST 2025","","test_api","",""
"","1","test_eval[3+5-8]","tests","Fri May 23 22:07:15 CST 2025","passed","Fri May 23 22:07:15 CST 2025","","test_sample","",""
"","0","test_greet[Bob]","tests","Fri May 23 22:07:15 CST 2025","passed","Fri May 23 22:07:15 CST 2025","","test_sample","",""
"","0","test_allure_demo","tests","Fri May 23 22:07:15 CST 2025","passed","Fri May 23 22:07:15 CST 2025","","test_sample","",""
